{
  "name": "Router Token List",
  "logoURI": "https://raw.githubusercontent.com/router-protocol/router-widget/main/route-coin.svg",
  "tokens": [
    {
      "name": "EVO",
      "symbol": "EVO",
      "decimals": "18",
      "address": "0x42006Ab57701251B580bDFc24778C43c9ff589A1",
      "lpSymbol": "",
      "lpAddress": "",
      "stakingRewards": "",
      "resourceId": "0x00000000000000000000005b747e23a9e4c509dd06fbd2c0e3cb8b846e398f00",
      "lpResourceId": "",
      "chainId": "42161",
      "logoURI": "https://assets.coingecko.com/coins/images/25088/large/evoToken.png?1650269135",
      "mappedOnBridge": true,
      "native": false,
      "isLpToken": false,
      "hasLpToken": false,
      "stableAsset": false,
      "mining": false,
      "activeMining": false,
      "enableLiquidityMining": false
    },
    {
      "name": "miMatic",
      "symbol": "MAI",
      "decimals": "18",
      "address": "0x3F56e0c36d275367b8C502090EDF38289b3dEa0d",
      "lpSymbol": "RMAI",
      "lpAddress": "0x4D3e9D28676B061EC8d0DF663de609b4eAC1037F",
      "stakingRewards": "",
      "resourceId": "0x0000000000000000000000a3fa99a148fa48d14ed51d610c367c61876997f100",
      "lpResourceId": "0x0000000000000000000000df7439e4848409f54c4e353b288ddf56071843fc00",
      "chainId": "42161",
      "logoURI": "https://tokens.1inch.io/0xa3fa99a148fa48d14ed51d610c367c61876997f1.png",
      "mappedOnBridge": true,
      "native": false,
      "isLpToken": false,
      "hasLpToken": false,
      "stableAsset": false,
      "mining": false,
      "activeMining": false,
      "enableLiquidityMining": true
    },
    {
      "name": "RMAI",
      "symbol": "RMAI",
      "decimals": "18",
      "address": "0x4D3e9D28676B061EC8d0DF663de609b4eAC1037F",
      "lpSymbol": "",
      "lpAddress": "",
      "stakingRewards": "",
      "resourceId": "0x0000000000000000000000df7439e4848409f54c4e353b288ddf56071843fc00",
      "lpResourceId": "",
      "chainId": "42161",
      "logoURI": "",
      "mappedOnBridge": true,
      "native": false,
      "isLpToken": true,
      "hasLpToken": false,
      "stableAsset": false,
      "mining": false,
      "activeMining": false,
      "enableLiquidityMining": false
    },
    {
      "name": "BETSWAP.GG",
      "symbol": "BSGG",
      "decimals": "18",
      "address": "0x750bfe8490175c2A9A9387b19Aa2AaE2d75dB638",
      "lpSymbol": "",
      "lpAddress": "",
      "stakingRewards": "",
      "resourceId": "",
      "lpResourceId": "",
      "chainId": "42161",
      "logoURI": "https://s2.coinmarketcap.com/static/img/coins/64x64/17169.png",
      "mappedOnBridge": false,
      "native": false,
      "isLpToken": false,
      "hasLpToken": false,
      "stableAsset": false,
      "mining": false,
      "activeMining": false,
      "enableLiquidityMining": false
    },
    {
      "name": "miMatic",
      "symbol": "MAI",
      "decimals": "18",
      "address": "0xdFA46478F9e5EA86d57387849598dbFB2e964b02",
      "lpSymbol": "RMAI",
      "lpAddress": "",
      "stakingRewards": "",
      "resourceId": "0x0000000000000000000000a3fa99a148fa48d14ed51d610c367c61876997f100",
      "lpResourceId": "",
      "chainId": "1313161554",
      "logoURI": "https://tokens.1inch.io/0xa3fa99a148fa48d14ed51d610c367c61876997f1.png",
      "mappedOnBridge": true,
      "native": false,
      "isLpToken": false,
      "hasLpToken": false,
      "stableAsset": false,
      "mining": false,
      "activeMining": false,
      "enableLiquidityMining": false
    },
    {
      "name": "EVO",
      "symbol": "EVO",
      "decimals": "18",
      "address": "0x42006Ab57701251B580bDFc24778C43c9ff589A1",
      "lpSymbol": "",
      "lpAddress": "",
      "stakingRewards": "",
      "resourceId": "0x00000000000000000000005b747e23a9e4c509dd06fbd2c0e3cb8b846e398f00",
      "lpResourceId": "",
      "chainId": "43114",
      "logoURI": "https://assets.coingecko.com/coins/images/25088/large/evoToken.png?1650269135",
      "mappedOnBridge": true,
      "native": false,
      "isLpToken": false,
      "hasLpToken": false,
      "stableAsset": false,
      "mining": false,
      "activeMining": false,
      "enableLiquidityMining": true
    },
    {
      "name": "miMatic",
      "symbol": "MAI",
      "decimals": "18",
      "address": "0x5c49b268c9841aff1cc3b0a418ff5c3442ee3f3b",
      "lpSymbol": "RMAI",
      "lpAddress": "0xAc6C66aCF2B25448fF469894a061983050D73768",
      "stakingRewards": "",
      "resourceId": "0x0000000000000000000000a3fa99a148fa48d14ed51d610c367c61876997f100",
      "lpResourceId": "0x0000000000000000000000df7439e4848409f54c4e353b288ddf56071843fc00",
      "chainId": "43114",
      "logoURI": "https://tokens.1inch.io/0xa3fa99a148fa48d14ed51d610c367c61876997f1.png",
      "mappedOnBridge": true,
      "native": false,
      "isLpToken": false,
      "hasLpToken": false,
      "stableAsset": false,
      "mining": false,
      "activeMining": false,
      "enableLiquidityMining": true
    },
    {
      "name": "BETSWAP.GG",
      "symbol": "BSGG",
      "decimals": "18",
      "address": "0x63682bDC5f875e9bF69E201550658492C9763F89",
      "lpSymbol": "",
      "lpAddress": "",
      "stakingRewards": "",
      "resourceId": "",
      "lpResourceId": "",
      "chainId": "43114",
      "logoURI": "https://s2.coinmarketcap.com/static/img/coins/64x64/17169.png",
      "mappedOnBridge": false,
      "native": false,
      "isLpToken": false,
      "hasLpToken": false,
      "stableAsset": false,
      "mining": false,
      "activeMining": false,
      "enableLiquidityMining": false
    },
    {
      "name": "RMAI",
      "symbol": "RMAI",
      "decimals": "18",
      "address": "0xAc6C66aCF2B25448fF469894a061983050D73768",
      "lpSymbol": "",
      "lpAddress": "",
      "stakingRewards": "",
      "resourceId": "0x0000000000000000000000df7439e4848409f54c4e353b288ddf56071843fc00",
      "lpResourceId": "",
      "chainId": "43114",
      "logoURI": "",
      "mappedOnBridge": true,
      "native": false,
      "isLpToken": true,
      "hasLpToken": false,
      "stableAsset": false,
      "mining": false,
      "activeMining": false,
      "enableLiquidityMining": false
    },
    {
      "name": "REVO",
      "symbol": "REVO",
      "decimals": "18",
      "address": "0xB065a867a1baa919F0A9a3F5C1543D19768CeFBD",
      "lpSymbol": "",
      "lpAddress": "",
      "stakingRewards": "",
      "resourceId": "0x0000000000000000000000b065a867a1baa919f0a9a3f5c1543d19768cefbd00",
      "lpResourceId": "",
      "chainId": "43114",
      "logoURI": "",
      "mappedOnBridge": true,
      "native": false,
      "isLpToken": true,
      "hasLpToken": false,
      "stableAsset": false,
      "mining": false,
      "activeMining": false,
      "enableLiquidityMining": false
    },
    {
      "name": "miMatic",
      "symbol": "MAI",
      "decimals": "18",
      "address": "0x3F56e0c36d275367b8C502090EDF38289b3dEa0d",
      "lpSymbol": "RMAI",
      "lpAddress": "0x0E2200f49c7041348e470850A734c0b65732032D",
      "stakingRewards": "",
      "resourceId": "0x0000000000000000000000a3fa99a148fa48d14ed51d610c367c61876997f100",
      "lpResourceId": "0x0000000000000000000000df7439e4848409f54c4e353b288ddf56071843fc00",
      "chainId": "56",
      "logoURI": "https://tokens.1inch.io/0xa3fa99a148fa48d14ed51d610c367c61876997f1.png",
      "mappedOnBridge": true,
      "native": false,
      "isLpToken": false,
      "hasLpToken": false,
      "stableAsset": false,
      "mining": false,
      "activeMining": false,
      "enableLiquidityMining": true
    },
    {
      "name": "BETSWAP.GG",
      "symbol": "BSGG",
      "decimals": "18",
      "address": "0x496E80Cad8712025dAfc5b2C96FC36c395af684a",
      "lpSymbol": "",
      "lpAddress": "",
      "stakingRewards": "",
      "resourceId": "",
      "lpResourceId": "",
      "chainId": "56",
      "logoURI": "https://s2.coinmarketcap.com/static/img/coins/64x64/17169.png",
      "mappedOnBridge": false,
      "native": false,
      "isLpToken": false,
      "hasLpToken": false,
      "stableAsset": false,
      "mining": false,
      "activeMining": false,
      "enableLiquidityMining": false
    },
    {
      "name": "RMAI",
      "symbol": "RMAI",
      "decimals": "18",
      "address": "0x0E2200f49c7041348e470850A734c0b65732032D",
      "lpSymbol": "",
      "lpAddress": "",
      "stakingRewards": "",
      "resourceId": "0x0000000000000000000000df7439e4848409f54c4e353b288ddf56071843fc00",
      "lpResourceId": "",
      "chainId": "56",
      "logoURI": "",
      "mappedOnBridge": true,
      "native": false,
      "isLpToken": true,
      "hasLpToken": false,
      "stableAsset": false,
      "mining": false,
      "activeMining": false,
      "enableLiquidityMining": false
    },
    {
      "name": "Uno Re",
      "symbol": "UNO",
      "decimals": "18",
      "address": "0x474021845C4643113458ea4414bdb7fB74A01A77",
      "lpSymbol": "RUNO",
      "lpAddress": "0x1621E43FDf85a088F40fab0b4259650d2Cb5F661",
      "stakingRewards": "",
      "resourceId": "0x0000000000000000000000474021845c4643113458ea4414bdb7fb74a01a7700",
      "lpResourceId": "0x00000000000000000000001621e43fdf85a088f40fab0b4259650d2cb5f66100",
      "chainId": "56",
      "logoURI": "https://s2.coinmarketcap.com/static/img/coins/64x64/8875.png",
      "mappedOnBridge": true,
      "native": false,
      "isLpToken": false,
      "hasLpToken": true,
      "stableAsset": false,
      "mining": false,
      "activeMining": false,
      "enableLiquidityMining": true
    },
    {
      "name": "RUNO",
      "symbol": "RUNO",
      "decimals": "18",
      "address": "0x1621E43FDf85a088F40fab0b4259650d2Cb5F661",
      "lpSymbol": "RUNO",
      "lpAddress": "",
      "stakingRewards": "",
      "resourceId": "0x00000000000000000000001621e43fdf85a088f40fab0b4259650d2cb5f66100",
      "lpResourceId": "",
      "chainId": "56",
      "logoURI": "https://s2.coinmarketcap.com/static/img/coins/64x64/8875.png",
      "mappedOnBridge": true,
      "native": false,
      "isLpToken": true,
      "hasLpToken": false,
      "stableAsset": false,
      "mining": false,
      "activeMining": false,
      "enableLiquidityMining": false
    },
    {
      "name": "EVO",
      "symbol": "EVO",
      "decimals": "18",
      "address": "0x42006Ab57701251B580bDFc24778C43c9ff589A1",
      "lpSymbol": "",
      "lpAddress": "",
      "stakingRewards": "",
      "resourceId": "0x00000000000000000000005b747e23a9e4c509dd06fbd2c0e3cb8b846e398f00",
      "lpResourceId": "",
      "chainId": "25",
      "logoURI": "https://assets.coingecko.com/coins/images/25088/large/evoToken.png?1650269135",
      "mappedOnBridge": true,
      "native": false,
      "isLpToken": false,
      "hasLpToken": false,
      "stableAsset": false,
      "mining": false,
      "activeMining": false,
      "enableLiquidityMining": false
    },
    {
      "name": "miMatic",
      "symbol": "MAI",
      "decimals": "18",
      "address": "0x2Ae35c8E3D4bD57e8898FF7cd2bBff87166EF8cb",
      "lpSymbol": "RMAI",
      "lpAddress": "0x9700104AC74C0d52E9441f3324AdC97059EE429b",
      "stakingRewards": "",
      "resourceId": "0x0000000000000000000000a3fa99a148fa48d14ed51d610c367c61876997f100",
      "lpResourceId": "0x0000000000000000000000df7439e4848409f54c4e353b288ddf56071843fc00",
      "chainId": "25",
      "logoURI": "https://assets.coingecko.com/coins/images/25088/large/evoToken.png?1650269135",
      "mappedOnBridge": true,
      "native": false,
      "isLpToken": false,
      "hasLpToken": false,
      "stableAsset": false,
      "mining": false,
      "activeMining": false,
      "enableLiquidityMining": true
    },
    {
      "name": "RMAI",
      "symbol": "RMAI",
      "decimals": "18",
      "address": "0x9700104AC74C0d52E9441f3324AdC97059EE429b",
      "lpSymbol": "",
      "lpAddress": "",
      "stakingRewards": "",
      "resourceId": "0x0000000000000000000000df7439e4848409f54c4e353b288ddf56071843fc00",
      "lpResourceId": "",
      "chainId": "25",
      "logoURI": "",
      "mappedOnBridge": true,
      "native": false,
      "isLpToken": true,
      "hasLpToken": false,
      "stableAsset": false,
      "mining": false,
      "activeMining": false,
      "enableLiquidityMining": false
    },
    {
      "name": "BETSWAP.GG",
      "symbol": "BSGG",
      "decimals": "18",
      "address": "0x69570f3E84f51Ea70b7B68055c8d667e77735a25",
      "lpSymbol": "",
      "lpAddress": "",
      "stakingRewards": "",
      "resourceId": "",
      "lpResourceId": "",
      "chainId": "1",
      "logoURI": "https://s2.coinmarketcap.com/static/img/coins/64x64/17169.png",
      "mappedOnBridge": false,
      "native": false,
      "isLpToken": false,
      "hasLpToken": false,
      "stableAsset": false,
      "mining": false,
      "activeMining": false,
      "enableLiquidityMining": false
    },
    {
      "name": "Uno Re",
      "symbol": "UNO",
      "decimals": "18",
      "address": "0x474021845c4643113458ea4414bdb7fb74a01a77",
      "lpSymbol": "RUNO",
      "lpAddress": "0xF7c3ccBf8f8BE81061FaF79cAD296b3921a79eca",
      "stakingRewards": "",
      "resourceId": "0x0000000000000000000000474021845c4643113458ea4414bdb7fb74a01a7700",
      "lpResourceId": "0x00000000000000000000001621e43fdf85a088f40fab0b4259650d2cb5f66100",
      "chainId": "1",
      "logoURI": "https://s2.coinmarketcap.com/static/img/coins/64x64/8875.png",
      "mappedOnBridge": true,
      "native": false,
      "isLpToken": false,
      "hasLpToken": true,
      "stableAsset": false,
      "mining": false,
      "activeMining": false,
      "enableLiquidityMining": true
    },
    {
      "name": "RUNO",
      "symbol": "RUNO",
      "decimals": "18",
      "address": "0xF7c3ccBf8f8BE81061FaF79cAD296b3921a79eca",
      "lpSymbol": "",
      "lpAddress": "",
      "stakingRewards": "",
      "resourceId": "0x00000000000000000000001621e43fdf85a088f40fab0b4259650d2cb5f66100",
      "lpResourceId": "",
      "chainId": "1",
      "logoURI": "https://s2.coinmarketcap.com/static/img/coins/64x64/8875.png",
      "mappedOnBridge": true,
      "native": false,
      "isLpToken": true,
      "hasLpToken": false,
      "stableAsset": false,
      "mining": false,
      "activeMining": false,
      "enableLiquidityMining": false
    },
    {
      "name": "EVO",
      "symbol": "EVO",
      "decimals": "18",
      "address": "0x42006Ab57701251B580bDFc24778C43c9ff589A1",
      "lpSymbol": "",
      "lpAddress": "",
      "stakingRewards": "",
      "resourceId": "0x00000000000000000000005b747e23a9e4c509dd06fbd2c0e3cb8b846e398f00",
      "lpResourceId": "",
      "chainId": "250",
      "logoURI": "https://assets.coingecko.com/coins/images/25088/large/evoToken.png?1650269135",
      "mappedOnBridge": true,
      "native": false,
      "isLpToken": false,
      "hasLpToken": false,
      "stableAsset": false,
      "mining": false,
      "activeMining": false,
      "enableLiquidityMining": false
    },
    {
      "name": "miMatic",
      "symbol": "MAI",
      "decimals": "18",
      "address": "0xfb98b335551a418cd0737375a2ea0ded62ea213b",
      "lpSymbol": "RMAI",
      "lpAddress": "0xbaD3C121641159242Ce9f30984f490E4CC74Bb1c",
      "stakingRewards": "",
      "resourceId": "0x0000000000000000000000a3fa99a148fa48d14ed51d610c367c61876997f100",
      "lpResourceId": "0x0000000000000000000000df7439e4848409f54c4e353b288ddf56071843fc00",
      "chainId": "250",
      "logoURI": "https://tokens.1inch.io/0xa3fa99a148fa48d14ed51d610c367c61876997f1.png",
      "mappedOnBridge": true,
      "native": false,
      "isLpToken": false,
      "hasLpToken": false,
      "stableAsset": false,
      "mining": false,
      "activeMining": false,
      "enableLiquidityMining": true
    },
    {
      "name": "BETSWAP.GG",
      "symbol": "BSGG",
      "decimals": "18",
      "address": "0x5A33869045db8A6a16c9f351293501CFD92cf7ed",
      "lpSymbol": "",
      "lpAddress": "",
      "stakingRewards": "",
      "resourceId": "",
      "lpResourceId": "",
      "chainId": "250",
      "logoURI": "https://s2.coinmarketcap.com/static/img/coins/64x64/17169.png",
      "mappedOnBridge": false,
      "native": false,
      "isLpToken": false,
      "hasLpToken": false,
      "stableAsset": false,
      "mining": false,
      "activeMining": false,
      "enableLiquidityMining": false
    },
    {
      "name": "RMAI",
      "symbol": "RMAI",
      "decimals": "18",
      "address": "0xbaD3C121641159242Ce9f30984f490E4CC74Bb1c",
      "lpSymbol": "",
      "lpAddress": "",
      "stakingRewards": "",
      "resourceId": "0x0000000000000000000000df7439e4848409f54c4e353b288ddf56071843fc00",
      "lpResourceId": "",
      "chainId": "250",
      "logoURI": "",
      "mappedOnBridge": true,
      "native": false,
      "isLpToken": true,
      "hasLpToken": false,
      "stableAsset": false,
      "mining": false,
      "activeMining": false,
      "enableLiquidityMining": false
    },
    {
      "name": "ONE",
      "symbol": "ONE",
      "decimals": "18",
      "address": "0xcF664087a5bB0237a0BAd6742852ec6c8d69A27a",
      "lpSymbol": "RONE",
      "lpAddress": "0x510d0372F55A1687CE73e9826d33d7f3E43D8492",
      "stakingRewards": "",
      "resourceId": "0x0000000000000000000000cf664087a5bb0237a0bad6742852ec6c8d69a27a00",
      "lpResourceId": "0x0000000000000000000000cf664087a5bb0237a0bad6742852ec6c8d69111100",
      "chainId": "1666600000",
      "logoURI": "",
      "mappedOnBridge": true,
      "native": true,
      "isLpToken": false,
      "hasLpToken": true,
      "stableAsset": false,
      "mining": false,
      "activeMining": false,
      "enableLiquidityMining": true
    },
    {
      "name": "EVO",
      "symbol": "EVO",
      "decimals": "18",
      "address": "0x5b747e23a9E4c509dd06fbd2c0e3cB8B846e398F",
      "lpSymbol": "REVO",
      "lpAddress": "0xB065a867a1baa919F0A9a3F5C1543D19768CeFBD",
      "stakingRewards": "",
      "resourceId": "0x00000000000000000000005b747e23a9e4c509dd06fbd2c0e3cb8b846e398f00",
      "lpResourceId": "0x0000000000000000000000b065a867a1baa919f0a9a3f5c1543d19768cefbd00",
      "chainId": "1666600000",
      "logoURI": "https://assets.coingecko.com/coins/images/25088/large/evoToken.png?1650269135",
      "mappedOnBridge": true,
      "native": false,
      "isLpToken": false,
      "hasLpToken": false,
      "stableAsset": false,
      "mining": false,
      "activeMining": false,
      "enableLiquidityMining": false
    },
    {
      "name": "miMatic",
      "symbol": "MAI",
      "decimals": "18",
      "address": "0x3F56e0c36d275367b8C502090EDF38289b3dEa0d",
      "lpSymbol": "",
      "lpAddress": "",
      "stakingRewards": "",
      "resourceId": "0x0000000000000000000000a3fa99a148fa48d14ed51d610c367c61876997f100",
      "lpResourceId": "",
      "chainId": "1666600000",
      "logoURI": "https://tokens.1inch.io/0xa3fa99a148fa48d14ed51d610c367c61876997f1.png",
      "mappedOnBridge": true,
      "native": false,
      "isLpToken": false,
      "hasLpToken": false,
      "stableAsset": false,
      "mining": false,
      "activeMining": false,
      "enableLiquidityMining": true
    },
    {
      "name": "RONE",
      "symbol": "RONE",
      "decimals": "18",
      "address": "0x510d0372F55A1687CE73e9826d33d7f3E43D8492",
      "lpSymbol": "",
      "lpAddress": "",
      "stakingRewards": "",
      "resourceId": "0x0000000000000000000000cf664087a5bb0237a0bad6742852ec6c8d69111100",
      "lpResourceId": "",
      "chainId": "1666600000",
      "logoURI": "",
      "mappedOnBridge": true,
      "native": false,
      "isLpToken": true,
      "hasLpToken": false,
      "stableAsset": true,
      "mining": false,
      "activeMining": false,
      "enableLiquidityMining": false
    },
    {
      "name": "RMAI",
      "symbol": "RMAI",
      "decimals": "18",
      "address": "0x1046D4D30a357c61e674038d8344Dd70c0327896",
      "lpSymbol": "",
      "lpAddress": "",
      "stakingRewards": "",
      "resourceId": "0x0000000000000000000000df7439e4848409f54c4e353b288ddf56071843fc00",
      "lpResourceId": "",
      "chainId": "1666600000",
      "logoURI": "",
      "mappedOnBridge": true,
      "native": false,
      "isLpToken": true,
      "hasLpToken": false,
      "stableAsset": false,
      "mining": false,
      "activeMining": false,
      "enableLiquidityMining": false
    },
    {
      "name": "EVO",
      "symbol": "EVO",
      "decimals": "18",
      "address": "0x42006Ab57701251B580bDFc24778C43c9ff589A1",
      "lpSymbol": "",
      "lpAddress": "",
      "stakingRewards": "",
      "resourceId": "0x00000000000000000000005b747e23a9e4c509dd06fbd2c0e3cb8b846e398f00",
      "lpResourceId": "",
      "chainId": "10",
      "logoURI": "https://assets.coingecko.com/coins/images/25088/large/evoToken.png?1650269135",
      "mappedOnBridge": true,
      "native": false,
      "isLpToken": false,
      "hasLpToken": false,
      "stableAsset": false,
      "mining": false,
      "activeMining": false,
      "enableLiquidityMining": false
    },
    {
      "name": "miMatic",
      "symbol": "MAI",
      "decimals": "18",
      "address": "0xdFA46478F9e5EA86d57387849598dbFB2e964b02",
      "lpSymbol": "RMAI",
      "lpAddress": "0xD753EBf3041A084D902eB5A035c4C289eBfe0216",
      "stakingRewards": "",
      "resourceId": "0x0000000000000000000000a3fa99a148fa48d14ed51d610c367c61876997f100",
      "lpResourceId": "0x0000000000000000000000df7439e4848409f54c4e353b288ddf56071843fc00",
      "chainId": "10",
      "logoURI": "https://tokens.1inch.io/0xa3fa99a148fa48d14ed51d610c367c61876997f1.png",
      "mappedOnBridge": true,
      "native": false,
      "isLpToken": false,
      "hasLpToken": false,
      "stableAsset": false,
      "mining": false,
      "activeMining": false,
      "enableLiquidityMining": true
    },
    {
      "name": "RMAI",
      "symbol": "RMAI",
      "decimals": "18",
      "address": "0xD753EBf3041A084D902eB5A035c4C289eBfe0216",
      "lpSymbol": "",
      "lpAddress": "",
      "stakingRewards": "",
      "resourceId": "0x0000000000000000000000df7439e4848409f54c4e353b288ddf56071843fc00",
      "lpResourceId": "",
      "chainId": "10",
      "logoURI": "",
      "mappedOnBridge": true,
      "native": false,
      "isLpToken": true,
      "hasLpToken": false,
      "stableAsset": false,
      "mining": false,
      "activeMining": false,
      "enableLiquidityMining": false
    },
    {
      "name": "EVO",
      "symbol": "EVO",
      "decimals": "18",
      "address": "0x42006Ab57701251B580bDFc24778C43c9ff589A1",
      "lpSymbol": "",
      "lpAddress": "",
      "stakingRewards": "",
      "resourceId": "0x00000000000000000000005b747e23a9e4c509dd06fbd2c0e3cb8b846e398f00",
      "lpResourceId": "",
      "chainId": "137",
      "logoURI": "https://assets.coingecko.com/coins/images/25088/large/evoToken.png?1650269135",
      "mappedOnBridge": true,
      "native": false,
      "isLpToken": false,
      "hasLpToken": false,
      "stableAsset": false,
      "mining": false,
      "activeMining": false,
      "enableLiquidityMining": false
    },
    {
      "name": "miMatic",
      "symbol": "MAI",
      "decimals": "18",
      "address": "0xa3fa99a148fa48d14ed51d610c367c61876997f1",
      "lpSymbol": "RMAI",
      "lpAddress": "0xDF7439E4848409f54c4E353B288Ddf56071843Fc",
      "stakingRewards": "",
      "resourceId": "0x0000000000000000000000a3fa99a148fa48d14ed51d610c367c61876997f100",
      "lpResourceId": "0x0000000000000000000000df7439e4848409f54c4e353b288ddf56071843fc00",
      "chainId": "137",
      "logoURI": "https://tokens.1inch.io/0xa3fa99a148fa48d14ed51d610c367c61876997f1.png",
      "mappedOnBridge": true,
      "native": false,
      "isLpToken": false,
      "hasLpToken": false,
      "stableAsset": false,
      "mining": false,
      "activeMining": false,
      "enableLiquidityMining": true
    },
    {
      "name": "BETSWAP.GG",
      "symbol": "BSGG",
      "decimals": "18",
      "address": "0x5EEE4d55961705Eb55D12Cb6FA70EB93c4063216",
      "lpSymbol": "",
      "lpAddress": "",
      "stakingRewards": "",
      "resourceId": "",
      "lpResourceId": "",
      "chainId": "137",
      "logoURI": "https://s2.coinmarketcap.com/static/img/coins/64x64/17169.png",
      "mappedOnBridge": false,
      "native": false,
      "isLpToken": false,
      "hasLpToken": false,
      "stableAsset": false,
      "mining": false,
      "activeMining": false,
      "enableLiquidityMining": false
    },
    {
      "name": "RMAI",
      "symbol": "RMAI",
      "decimals": "18",
      "address": "0xDF7439E4848409f54c4E353B288Ddf56071843Fc",
      "lpSymbol": "",
      "lpAddress": "",
      "stakingRewards": "",
      "resourceId": "0x0000000000000000000000df7439e4848409f54c4e353b288ddf56071843fc00",
      "lpResourceId": "",
      "chainId": "137",
      "logoURI": "",
      "mappedOnBridge": true,
      "native": false,
      "isLpToken": true,
      "hasLpToken": false,
      "stableAsset": false,
      "mining": false,
      "activeMining": false,
      "enableLiquidityMining": false
    },
    {
      "name": "RIGEL PROTOCOL",
      "symbol": "RGP",
      "decimals": "18",
      "address": "0x4AF5ff1A60a6eF6C7c8f9C4E304cD9051fCa3Ec0",
      "lpSymbol": "RRGP",
      "lpAddress": "0xc0C081e3790E921eda7E73013a23f21ADDbd8970",
      "stakingRewards": "",
      "resourceId": "0x00000000000000000000004af5ff1a60a6ef6c7c8f9c4e304cd9051fca3ec000",
      "lpResourceId": "0x0000000000000000000000c0c081e3790e921eda7e73013a23f21addbd897000",
      "chainId": "137",
      "logoURI": "https://s2.coinmarketcap.com/static/img/coins/64x64/9225.png",
      "mappedOnBridge": true,
      "native": false,
      "isLpToken": false,
      "hasLpToken": true,
      "stableAsset": false,
      "mining": false,
      "activeMining": false,
      "enableLiquidityMining": true
    },
    {
      "name": "RRGP",
      "symbol": "RRGP",
      "decimals": "18",
      "address": "0xc0C081e3790E921eda7E73013a23f21ADDbd8970",
      "lpSymbol": "",
      "lpAddress": "",
      "stakingRewards": "",
      "resourceId": "0x0000000000000000000000c0c081e3790e921eda7e73013a23f21addbd897000",
      "lpResourceId": "",
      "chainId": "137",
      "logoURI": "https://s2.coinmarketcap.com/static/img/coins/64x64/9225.png",
      "mappedOnBridge": true,
      "native": false,
      "isLpToken": true,
      "hasLpToken": false,
      "stableAsset": false,
      "mining": false,
      "activeMining": false,
      "enableLiquidityMining": false
    },
    {
      "name": "RIGEL PROTOCOL",
      "symbol": "RGP",
      "decimals": "18",
      "address": "0xfa262f303aa244f9cc66f312f0755d89c3793192",
      "lpSymbol": "RRGP",
      "lpAddress": "0x8e541B8ed78081f61432c18aEd0c7Aa8a445B8e2",
      "stakingRewards": "",
      "resourceId": "0x00000000000000000000004af5ff1a60a6ef6c7c8f9c4e304cd9051fca3ec000",
      "lpResourceId": "0x0000000000000000000000c0c081e3790e921eda7e73013a23f21addbd897000",
      "chainId": "56",
      "logoURI": "https://s2.coinmarketcap.com/static/img/coins/64x64/9225.png",
      "mappedOnBridge": true,
      "native": false,
      "isLpToken": false,
      "hasLpToken": true,
      "stableAsset": false,
      "mining": false,
      "activeMining": false,
      "enableLiquidityMining": true
    },
    {
      "name": "RRGP",
      "symbol": "RRGP",
      "decimals": "18",
      "address": "0x8e541B8ed78081f61432c18aEd0c7Aa8a445B8e2",
      "lpSymbol": "",
      "lpAddress": "",
      "stakingRewards": "",
      "resourceId": "0x0000000000000000000000c0c081e3790e921eda7e73013a23f21addbd897000",
      "lpResourceId": "",
      "chainId": "56",
      "logoURI": "https://s2.coinmarketcap.com/static/img/coins/64x64/9225.png",
      "mappedOnBridge": true,
      "native": false,
      "isLpToken": true,
      "hasLpToken": false,
      "stableAsset": false,
      "mining": false,
      "activeMining": false,
      "enableLiquidityMining": false
    },
    {
      "name": "EASYFI",
      "symbol": "EZ",
      "decimals": "18",
      "address": "0xE0ddA2fc4f4750276641BE3a82634fa5Dd956EDE",
      "lpSymbol": "REZ",
      "lpAddress": "0xEba910B7C5A4302f80286062DD3c737d36FcFa05",
      "stakingRewards": "",
      "resourceId": "0x0000000000000000000000e0dda2fc4f4750276641be3a82634fa5dd956ede00",
      "lpResourceId": "0x0000000000000000000000eba910b7c5a4302f80286062dd3c737d36fcfa0500",
      "chainId": "43114",
      "logoURI": "https://s2.coinmarketcap.com/static/img/coins/64x64/7332.png",
      "mappedOnBridge": true,
      "native": false,
      "isLpToken": false,
      "hasLpToken": true,
      "stableAsset": false,
      "mining": false,
      "activeMining": false,
      "enableLiquidityMining": true
    },
    {
      "name": "REZ",
      "symbol": "REZ",
      "decimals": "18",
      "address": "0xEba910B7C5A4302f80286062DD3c737d36FcFa05",
      "lpSymbol": "",
      "lpAddress": "",
      "stakingRewards": "",
      "resourceId": "0x0000000000000000000000eba910b7c5a4302f80286062dd3c737d36fcfa0500",
      "lpResourceId": "",
      "chainId": "43114",
      "logoURI": "https://s2.coinmarketcap.com/static/img/coins/64x64/7332.png",
      "mappedOnBridge": true,
      "native": false,
      "isLpToken": true,
      "hasLpToken": false,
      "stableAsset": false,
      "mining": false,
      "activeMining": false,
      "enableLiquidityMining": false
    },
    {
      "name": "EASYFI",
      "symbol": "EZ",
      "decimals": "18",
      "address": "0x00AbA6fE5557De1a1d565658cBDdddf7C710a1eb",
      "lpSymbol": "REZ",
      "lpAddress": "0xd34c4074636330397A2Ea26012e6C26a15363B5F",
      "stakingRewards": "",
      "resourceId": "0x0000000000000000000000e0dda2fc4f4750276641be3a82634fa5dd956ede00",
      "lpResourceId": "0x0000000000000000000000eba910b7c5a4302f80286062dd3c737d36fcfa0500",
      "chainId": "1",
      "logoURI": "https://s2.coinmarketcap.com/static/img/coins/64x64/7332.png",
      "mappedOnBridge": true,
      "native": false,
      "isLpToken": false,
      "hasLpToken": true,
      "stableAsset": false,
      "mining": false,
      "activeMining": false,
      "enableLiquidityMining": true
    },
    {
      "name": "REZ",
      "symbol": "REZ",
      "decimals": "18",
      "address": "0xd34c4074636330397A2Ea26012e6C26a15363B5F",
      "lpSymbol": "",
      "lpAddress": "",
      "stakingRewards": "",
      "resourceId": "0x0000000000000000000000eba910b7c5a4302f80286062dd3c737d36fcfa0500",
      "lpResourceId": "",
      "chainId": "1",
      "logoURI": "https://s2.coinmarketcap.com/static/img/coins/64x64/7332.png",
      "mappedOnBridge": true,
      "native": false,
      "isLpToken": true,
      "hasLpToken": false,
      "stableAsset": false,
      "mining": false,
      "activeMining": false,
      "enableLiquidityMining": false
    },
    {
      "name": "EASYFI",
      "symbol": "EZ",
      "decimals": "18",
      "address": "0x5512014efa6Cd57764Fa743756F7a6Ce3358cC83",
      "lpSymbol": "REZ",
      "lpAddress": "0xBE1a6D88192b54b3b1Fa6945B9F0d0A4349F7856",
      "stakingRewards": "",
      "resourceId": "0x0000000000000000000000e0dda2fc4f4750276641be3a82634fa5dd956ede00",
      "lpResourceId": "0x0000000000000000000000eba910b7c5a4302f80286062dd3c737d36fcfa0500",
      "chainId": "56",
      "logoURI": "https://s2.coinmarketcap.com/static/img/coins/64x64/7332.png",
      "mappedOnBridge": true,
      "native": false,
      "isLpToken": false,
      "hasLpToken": true,
      "stableAsset": false,
      "mining": false,
      "activeMining": false,
      "enableLiquidityMining": true
    },
    {
      "name": "REZ",
      "symbol": "REZ",
      "decimals": "18",
      "address": "0xBE1a6D88192b54b3b1Fa6945B9F0d0A4349F7856",
      "lpSymbol": "",
      "lpAddress": "",
      "stakingRewards": "",
      "resourceId": "0x0000000000000000000000eba910b7c5a4302f80286062dd3c737d36fcfa0500",
      "lpResourceId": "",
      "chainId": "56",
      "logoURI": "https://s2.coinmarketcap.com/static/img/coins/64x64/7332.png",
      "mappedOnBridge": true,
      "native": false,
      "isLpToken": true,
      "hasLpToken": false,
      "stableAsset": false,
      "mining": false,
      "activeMining": false,
      "enableLiquidityMining": false
    }
  ]
}
