{
  "name": "SpookySwap Default List",
  "timestamp": "2021-04-06T22:05:02Z",
  "version": {
    "major": 1,
    "minor": 0,
    "patch": 0
  },
  "tags": {},
  "logoURI": "http://assets.spooky.fi/tokens/BOO.png",
  "keywords": [
    "spookyswap",
    "default"
  ],
  "tokens": [
    {
      "name": "Aave",
      "symbol": "AAVE",
      "address": "0x6a07A792ab2965C72a5B8088d3a069A7aC3a993B",
      "chainId": 250,
      "decimals": 18,
      "logoURI": "https://assets.spooky.fi/tokens/AAVE.png",
      "bridgeId": "aavev2",
      "nativeChain": 1,
      "permit": 1
    },
    {
      "name": "Badger",
      "symbol": "BADGER",
      "address": "0x753fbc5800a8C8e3Fb6DC6415810d627A387Dfc9",
      "chainId": 250,
      "decimals": 18,
      "logoURI": "https://assets.spooky.fi/tokens/BADGER.png",
      "bridgeId": "badgerv3",
      "nativeChain": 1,
      "permit": 1
    },
    {
      "name": "Band Protocol",
      "symbol": "BAND",
      "address": "0x46E7628E8b4350b2716ab470eE0bA1fa9e76c6C5",
      "chainId": 250,
      "decimals": 18,
      "logoURI": "https://assets.spooky.fi/tokens/BAND.png",
      "bridgeId": "bandv2",
      "nativeChain": 1,
      "permit": 1
    },
    {
      "name": "SpookySwap",
      "symbol": "BOO",
      "address": "0x841FAD6EAe12c286d1Fd18d1d525DFfA75C7EFFE",
      "chainId": 250,
      "decimals": 18,
      "logoURI": "https://assets.spooky.fi/tokens/BOO.png",
      "bridgeId": "boov2",
      "nativeChain": 1,
      "v3Chains": [
        43114
      ],
      "permit": 1
    },
    {
      "name": "Cover Protocol",
      "symbol": "COVER",
      "address": "0xB01E8419d842beebf1b70A7b5f7142abbaf7159D",
      "chainId": 250,
      "decimals": 18,
      "logoURI": "https://assets.spooky.fi/tokens/COVER.png",
      "bridgeId": "coverv2",
      "nativeChain": 1,
      "permit": 1
    },
    {
      "name": "Cream",
      "symbol": "CREAM",
      "address": "0x657A1861c15A3deD9AF0B6799a195a249ebdCbc6",
      "chainId": 250,
      "decimals": 18,
      "logoURI": "https://assets.spooky.fi/tokens/CREAM.png",
      "bridgeId": "creamv2",
      "nativeChain": 1,
      "permit": 1
    },
    {
      "name": "Curve DAO",
      "symbol": "CRV",
      "address": "0x1E4F97b9f9F913c46F1632781732927B9019C68b",
      "chainId": 250,
      "decimals": 18,
      "logoURI": "https://assets.spooky.fi/tokens/CRV.png",
      "bridgeId": "crvv2",
      "nativeChain": 1,
      "permit": 1
    },
    {
      "name": "Dai Stablecoin",
      "symbol": "DAI",
      "address": "0x8D11eC38a3EB5E956B052f67Da8Bdc9bef8Abf3E",
      "chainId": 250,
      "decimals": 18,
      "logoURI": "https://assets.spooky.fi/tokens/DAI.png",
      "bridgeId": "daiv2",
      "nativeChain": 1,
      "v3Chains": [
        56,
        137,
        43114
      ],
      "permit": 1
    },
    {
      "name": "Frapped USDT",
      "symbol": "fUSDT",
      "address": "0x049d68029688eAbF473097a2fC38ef61633A3C7A",
      "chainId": 250,
      "decimals": 6,
      "logoURI": "https://assets.spooky.fi/tokens/fUSDT.png",
      "bridgeId": "usdtv3",
      "nativeChain": 1,
      "v3Chains": [
        137,
        56,
        66,
        43114
      ],
      "permit": 1
    },
    {
      "name": "Graviton",
      "symbol": "GTON",
      "address": "0xC1Be9a4D5D45BeeACAE296a7BD5fADBfc14602C4",
      "chainId": 250,
      "decimals": 18,
      "logoURI": "https://assets.spooky.fi/tokens/GTON.png",
      "bridgeId": "gtonv4",
      "nativeChain": 1,
      "permit": 1
    },
    {
      "name": "IceToken",
      "symbol": "ICE",
      "address": "0xf16e81dce15B08F326220742020379B855B87DF9",
      "chainId": 250,
      "decimals": 18,
      "logoURI": "https://assets.spooky.fi/tokens/ICE.png",
      "bridgeId": "icev3",
      "nativeChain": 1,
      "permit": 1
    },
    {
      "name": "ChainLink",
      "symbol": "LINK",
      "address": "0xb3654dc3D10Ea7645f8319668E8F54d2574FBdC8",
      "chainId": 250,
      "decimals": 18,
      "logoURI": "https://assets.spooky.fi/tokens/LINK.png",
      "bridgeId": "linkv2",
      "nativeChain": 1,
      "permit": 1
    },
    {
      "name": "Synthetix Network",
      "symbol": "SNX",
      "address": "0x56ee926bD8c72B2d5fa1aF4d9E4Cbb515a1E3Adc",
      "chainId": 250,
      "decimals": 18,
      "logoURI": "https://assets.spooky.fi/tokens/SNX.png",
      "bridgeId": "snxv2",
      "nativeChain": 1,
      "permit": 1
    },
    {
      "name": "Sushi",
      "symbol": "SUSHI",
      "address": "0xae75A438b2E0cB8Bb01Ec1E1e376De11D44477CC",
      "chainId": 250,
      "decimals": 18,
      "logoURI": "https://assets.spooky.fi/tokens/SUSHI.png",
      "bridgeId": "sushiv2",
      "nativeChain": 1,
      "permit": 1
    },
    {
      "name": "USD Coin",
      "symbol": "USDC",
      "address": "0x04068DA6C83AFCFA0e13ba15A6696662335D5B75",
      "chainId": 250,
      "decimals": 6,
      "logoURI": "https://assets.spooky.fi/tokens/USDC.png",
      "bridgeId": "usdcv2",
      "nativeChain": 1,
      "v3Chains": [
        137,
        56,
        66,
        42161,
        43114
      ],
      "permit": 1
    },
    {
      "name": "Wrapped Bitcoin",
      "symbol": "wBTC",
      "address": "0x321162Cd933E2Be498Cd2267a90534A804051b11",
      "chainId": 250,
      "decimals": 8,
      "logoURI": "https://assets.spooky.fi/tokens/wBTC.png",
      "bridgeId": "wbtcv2",
      "nativeChain": 1,
      "permit": 1
    },
    {
      "name": "Wrapped Ether",
      "symbol": "wETH",
      "address": "0x74b23882a30290451A17c44f4F05243b6b58C76d",
      "chainId": 250,
      "decimals": 18,
      "logoURI": "https://assets.spooky.fi/tokens/wETH.png",
      "bridgeId": "wethv2",
      "nativeChain": 1,
      "v3Chains": [
        56,
        137,
        43114
      ],
      "permit": 1
    },
    {
      "name": "Wrapped FTM",
      "symbol": "wFTM",
      "address": "0x21be370D5312f44cB42ce377BC9b8a0cEF1A4C83",
      "chainId": 250,
      "decimals": 18,
      "logoURI": "https://assets.spooky.fi/tokens/wFTM.png",
      "bridgeId": "",
      "permit": 0
    },
    {
      "name": "yearn.finance",
      "symbol": "YFI",
      "address": "0x29b0Da86e484E1C0029B56e817912d778aC0EC69",
      "chainId": 250,
      "decimals": 18,
      "logoURI": "https://assets.spooky.fi/tokens/YFI.png",
      "bridgeId": "yfiv2",
      "nativeChain": 1,
      "permit": 1
    },
    {
      "name": "ZooCoin",
      "symbol": "ZOO",
      "address": "0x09e145A1D53c0045F41aEEf25D8ff982ae74dD56",
      "chainId": 250,
      "decimals": 0,
      "logoURI": "https://assets.spooky.fi/tokens/ZOO.png",
      "bridgeId": "",
      "permit": 0
    },
    {
      "name": "Frax Share",
      "symbol": "FXS",
      "address": "0x82F8Cb20c14F134fe6Ebf7aC3B903B2117aAfa62",
      "chainId": 250,
      "decimals": 18,
      "logoURI": "https://assets.spooky.fi/tokens/FXS.png",
      "bridgeId": "fxsv3",
      "nativeChain": 1,
      "permit": 1
    },
    {
      "name": "Binance Coin",
      "symbol": "BNB",
      "address": "0xD67de0e0a0Fd7b15dC8348Bb9BE742F3c5850454",
      "chainId": 250,
      "decimals": 18,
      "logoURI": "https://assets.spooky.fi/tokens/BNB.png",
      "bridgeId": "bnb",
      "nativeChain": 56,
      "permit": 1
    },
    {
      "name": "Woofy",
      "symbol": "WOOFY",
      "address": "0xD0660cD418a64a1d44E9214ad8e459324D8157f1",
      "chainId": 250,
      "decimals": 12,
      "logoURI": "https://assets.spooky.fi/tokens/WOOFY.png",
      "bridgeId": "woofyv4",
      "nativeChain": 1,
      "permit": 1
    },
    {
      "name": "Anyswap",
      "symbol": "ANY",
      "address": "0xdDcb3fFD12750B45d32E084887fdf1aABAb34239",
      "chainId": 250,
      "decimals": 18,
      "logoURI": "https://assets.spooky.fi/tokens/ANY.png",
      "bridgeId": "",
      "permit": 0
    },
    {
      "name": "Beefy.Finance",
      "symbol": "BIFI",
      "address": "0xd6070ae98b8069de6B494332d1A1a81B6179D960",
      "chainId": 250,
      "decimals": 18,
      "logoURI": "https://assets.spooky.fi/tokens/BIFI.png",
      "bridgeId": "bifiv4",
      "nativeChain": 56,
      "v3Chains": [
        25,
        137,
        43114,
        42161,
        1666600000
      ],
      "permit": 1
    },
    {
      "name": "TOMB",
      "symbol": "TOMB",
      "address": "0x6c021Ae822BEa943b2E66552bDe1D2696a53fbB7",
      "chainId": 250,
      "decimals": 18,
      "logoURI": "https://assets.spooky.fi/tokens/TOMB.png",
      "bridgeId": "",
      "v3Chains": [
        1,
        56,
        137,
        43114
      ],
      "permit": 0
    },
    {
      "name": "TSHARE",
      "symbol": "TSHARE",
      "address": "0x4cdF39285D7Ca8eB3f090fDA0C069ba5F4145B37",
      "chainId": 250,
      "decimals": 18,
      "logoURI": "https://assets.spooky.fi/tokens/TSHARE.png",
      "bridgeId": "",
      "permit": 0
    },
    {
      "name": "Smart Token",
      "symbol": "SMART",
      "address": "0x34D33dc8Ac6f1650D94A7E9A972B47044217600b",
      "chainId": 250,
      "decimals": 18,
      "logoURI": "https://assets.spooky.fi/tokens/SMART.png",
      "bridgeId": "",
      "permit": 0
    },
    {
      "name": "Frax",
      "symbol": "FRAX",
      "address": "0xdc301622e621166BD8E82f2cA0A26c13Ad0BE355",
      "chainId": 250,
      "decimals": 18,
      "logoURI": "https://assets.spooky.fi/tokens/FRAX.png",
      "bridgeId": "",
      "permit": 1
    },
    {
      "name": "Magic Internet Money",
      "symbol": "MIM",
      "address": "0x82f0B8B456c1A451378467398982d4834b6829c1",
      "chainId": 250,
      "decimals": 18,
      "logoURI": "https://assets.spooky.fi/tokens/MIM.png",
      "bridgeId": "",
      "v3Chains": [
        1,
        56,
        43114,
        42161
      ],
      "permit": 1
    },
    {
      "name": "ShadeToken",
      "symbol": "SHADE",
      "address": "0x3A3841f5fa9f2c283EA567d5Aeea3Af022dD2262",
      "chainId": 250,
      "decimals": 18,
      "logoURI": "https://assets.spooky.fi/tokens/SHADE.png",
      "bridgeId": "",
      "permit": 1
    },
    {
      "name": "Cryptokek.com",
      "symbol": "KEK",
      "address": "0x627524d78B4fC840C887ffeC90563c7A42b671fD",
      "chainId": 250,
      "decimals": 18,
      "logoURI": "https://assets.spooky.fi/tokens/KEK.png",
      "bridgeId": "kekv3",
      "nativeChain": 1,
      "permit": 1
    },
    {
      "name": "YEL Token",
      "symbol": "YEL",
      "address": "0xD3b71117E6C1558c1553305b44988cd944e97300",
      "chainId": 250,
      "decimals": 18,
      "logoURI": "https://assets.spooky.fi/tokens/YEL.png",
      "bridgeId": "yelv5",
      "nativeChain": 1,
      "permit": 0
    },
    {
      "name": "Scream",
      "symbol": "SCREAM",
      "address": "0xe0654C8e6fd4D733349ac7E09f6f23DA256bF475",
      "chainId": 250,
      "decimals": 18,
      "logoURI": "https://assets.spooky.fi/tokens/SCREAM.png",
      "bridgeId": "",
      "permit": 0
    },
    {
      "name": "BABYBOO",
      "symbol": "BABYBOO",
      "address": "0x471762A7017A5B1A3e931F1A97aa03Ef1E7F4A73",
      "chainId": 250,
      "decimals": 18,
      "logoURI": "https://assets.spooky.fi/tokens/BABYBOO.png",
      "bridgeId": "",
      "permit": 0
    },
    {
      "name": "Tarot",
      "symbol": "TAROT",
      "address": "0xC5e2B037D30a390e62180970B3aa4E91868764cD",
      "chainId": 250,
      "decimals": 18,
      "logoURI": "https://assets.spooky.fi/tokens/TAROT.png",
      "bridgeId": "",
      "permit": 0
    },
    {
      "name": "Death",
      "symbol": "Death",
      "address": "0xeaF45B62d9d0Bdc1D763baF306af5eDD7C0d7e55",
      "chainId": 250,
      "decimals": 9,
      "logoURI": "https://assets.spooky.fi/tokens/DEATH.png",
      "bridgeId": "",
      "permit": 0
    },
    {
      "name": "Fantums of Opera Token",
      "symbol": "FOO",
      "address": "0xFbc3c04845162F067A0B6F8934383E63899c3524",
      "chainId": 250,
      "decimals": 18,
      "logoURI": "https://assets.spooky.fi/tokens/FOO.png",
      "bridgeId": "",
      "permit": 0
    },
    {
      "name": "Syfin",
      "symbol": "SYF",
      "address": "0x1BCF4DC879979C68fA255f731FE8Dcf71970c9bC",
      "chainId": 250,
      "decimals": 18,
      "logoURI": "https://assets.spooky.fi/tokens/SYF.png",
      "bridgeId": "",
      "permit": 0
    },
    {
      "name": "FTM1337",
      "symbol": "ELITE",
      "address": "0xf43Cc235E686d7BC513F53Fbffb61F760c3a1882",
      "chainId": 250,
      "decimals": 18,
      "logoURI": "https://assets.spooky.fi/tokens/ELITE.png",
      "bridgeId": "",
      "permit": 0
    },
    {
      "name": "Fantom Oasis Token",
      "symbol": "FTMO",
      "address": "0x9bD0611610A0f5133e4dd1bFdd71C5479Ee77f37",
      "chainId": 250,
      "decimals": 18,
      "logoURI": "https://assets.spooky.fi/tokens/FTMO.png",
      "bridgeId": "",
      "permit": 0
    },
    {
      "name": "Wootrade Network",
      "symbol": "WOO",
      "address": "0x6626c47c00F1D87902fc13EECfaC3ed06D5E8D8a",
      "chainId": 250,
      "decimals": 18,
      "logoURI": "https://assets.spooky.fi/tokens/WOO.png",
      "bridgeId": "woov5",
      "nativeChain": 1,
      "permit": 1
    },
    {
      "name": "Treeb",
      "symbol": "TREEB",
      "address": "0xc60D7067dfBc6f2caf30523a064f416A5Af52963",
      "chainId": 250,
      "decimals": 18,
      "logoURI": "https://assets.spooky.fi/tokens/TREEB.png",
      "bridgeId": "",
      "permit": 0
    },
    {
      "name": "Timechain Swap Token",
      "symbol": "TCS",
      "address": "0xFbfAE0DD49882e503982f8eb4b8B1e464ecA0b91",
      "chainId": 250,
      "decimals": 18,
      "logoURI": "https://assets.spooky.fi/tokens/TCS.png",
      "bridgeId": "",
      "permit": 0
    },
    {
      "name": "Font",
      "symbol": "FONT",
      "address": "0xbbc4A8d076F4B1888fec42581B6fc58d242CF2D5",
      "chainId": 250,
      "decimals": 18,
      "logoURI": "https://assets.spooky.fi/tokens/FONT.png",
      "bridgeId": "fontv4",
      "nativeChain": 1,
      "permit": 1
    },
    {
      "name": "Liquid Driver",
      "symbol": "LQDR",
      "address": "0x10b620b2dbAC4Faa7D7FFD71Da486f5D44cd86f9",
      "chainId": 250,
      "decimals": 18,
      "logoURI": "https://assets.spooky.fi/tokens/LQDR.png",
      "bridgeId": "",
      "permit": 0
    },
    {
      "name": "Geist.Finance Protocol Token",
      "symbol": "GEIST",
      "address": "0xd8321AA83Fb0a4ECd6348D4577431310A6E0814d",
      "chainId": 250,
      "decimals": 18,
      "logoURI": "https://assets.spooky.fi/tokens/GEIST.png",
      "bridgeId": "",
      "permit": 0
    },
    {
      "name": "Cougar Token",
      "symbol": "CGS",
      "address": "0x5a2e451Fb1b46FDE7718315661013ae1aE68e28C",
      "chainId": 250,
      "decimals": 18,
      "logoURI": "https://assets.spooky.fi/tokens/CGS.png",
      "bridgeId": "",
      "permit": 0
    },
    {
      "name": "Spell Token",
      "symbol": "SPELL",
      "address": "0x468003B688943977e6130F4F68F23aad939a1040",
      "chainId": 250,
      "decimals": 18,
      "logoURI": "https://assets.spooky.fi/tokens/SPELL.png",
      "bridgeId": "",
      "v3Chains": [
        1,
        43114
      ],
      "permit": 1
    },
    {
      "name": "CoffinDollar",
      "symbol": "CoUSD",
      "address": "0x0DeF844ED26409C5C46dda124ec28fb064D90D27",
      "chainId": 250,
      "decimals": 18,
      "logoURI": "https://assets.spooky.fi/tokens/CoUSD.png",
      "bridgeId": "",
      "permit": 0
    },
    {
      "name": "CoffinToken",
      "symbol": "COFFIN",
      "address": "0x593Ab53baFfaF1E821845cf7080428366F030a9c",
      "chainId": 250,
      "decimals": 18,
      "logoURI": "https://assets.spooky.fi/tokens/COFFIN.png",
      "bridgeId": "",
      "permit": 0
    },
    {
      "name": "CyberFi Token",
      "symbol": "CFi",
      "address": "0x6a545f9c64d8f7B957D8D2e6410B52095A9E6c29",
      "chainId": 250,
      "decimals": 18,
      "logoURI": "https://assets.spooky.fi/tokens/CFi.png",
      "bridgeId": "cfiv3",
      "nativeChain": 1,
      "permit": 1
    },
    {
      "name": "DarkMatter",
      "symbol": "DMD",
      "address": "0x90E892FED501ae00596448aECF998C88816e5C0F",
      "chainId": 250,
      "decimals": 18,
      "logoURI": "https://assets.spooky.fi/tokens/DMD.png",
      "bridgeId": "",
      "permit": 0
    },
    {
      "name": "Dola USD Stablecoin",
      "symbol": "DOLA",
      "address": "0x3129662808bEC728a27Ab6a6b9AFd3cBacA8A43c",
      "chainId": 250,
      "decimals": 18,
      "logoURI": "https://assets.spooky.fi/tokens/DOLA.png",
      "bridgeId": "dolav5",
      "nativeChain": 1,
      "permit": 1
    },
    {
      "name": "Inverse DAO",
      "symbol": "INV",
      "address": "0xb84527D59b6Ecb96F433029ECc890D4492C5dCe1",
      "chainId": 250,
      "decimals": 18,
      "logoURI": "https://assets.spooky.fi/tokens/INV.png",
      "bridgeId": "invv5",
      "nativeChain": 1,
      "permit": 1
    },
    {
      "name": "TravaFinance Token",
      "symbol": "TRAVA",
      "address": "0x477a9D5dF9bedA06F6b021136a2efe7BE242fCC9",
      "chainId": 250,
      "decimals": 18,
      "logoURI": "https://assets.spooky.fi/tokens/TRAVA.png",
      "bridgeId": "",
      "permit": 0
    },
    {
      "name": "Yoshi.exchange",
      "symbol": "YOSHI",
      "address": "0x3dc57B391262e3aAe37a08D91241f9bA9d58b570",
      "chainId": 250,
      "decimals": 18,
      "logoURI": "https://assets.spooky.fi/tokens/YOSHI.png",
      "bridgeId": "",
      "permit": 0
    },
    {
      "name": "Fantom Doge",
      "symbol": "RIP",
      "address": "0x1D43697D67cB5D0436cc38d583Ca473a1bFEbC7a",
      "chainId": 250,
      "decimals": 9,
      "logoURI": "https://assets.spooky.fi/tokens/RIP.png",
      "bridgeId": "",
      "permit": 0
    },
    {
      "name": "Metti Inu",
      "symbol": "Metti",
      "address": "0x42aE8468A1FDDB965d420BD71368a87Ec3a2B4b8",
      "chainId": 250,
      "decimals": 18,
      "logoURI": "https://assets.spooky.fi/tokens/Metti.png",
      "bridgeId": "",
      "permit": 0
    },
    {
      "name": "FantomStarter",
      "symbol": "FS",
      "address": "0xC758295Cd1A564cdb020a78a681a838CF8e0627D",
      "chainId": 250,
      "decimals": 18,
      "logoURI": "https://assets.spooky.fi/tokens/FS.png",
      "bridgeId": "",
      "permit": 0
    },
    {
      "name": "ArtWallet",
      "symbol": "1ART",
      "address": "0xD3c325848D7c6E29b574Cb0789998b2ff901f17E",
      "chainId": 250,
      "decimals": 18,
      "logoURI": "https://assets.spooky.fi/tokens/1ART.png",
      "bridgeId": "",
      "permit": 0
    },
    {
      "name": "JulSwap",
      "symbol": "JulD",
      "address": "0xEFF6FcfBc2383857Dd66ddf57effFC00d58b7d9D",
      "chainId": 250,
      "decimals": 18,
      "logoURI": "https://assets.spooky.fi/tokens/JulD.png",
      "bridgeId": "juldv5",
      "nativeChain": 56,
      "permit": 1
    },
    {
      "name": "miMATIC",
      "symbol": "MAI",
      "address": "0xfB98B335551a418cD0737375a2ea0ded62Ea213b",
      "chainId": 250,
      "decimals": 18,
      "logoURI": "https://assets.spooky.fi/tokens/MAI.png",
      "bridgeId": "mimaticv3",
      "nativeChain": 137,
      "v3Chains": [
        25,
        56,
        42161,
        43114,
        1666600000
      ],
      "permit": 1
    },
    {
      "name": "Hector",
      "symbol": "HEC",
      "address": "0x5C4FDfc5233f935f20D2aDbA572F770c2E377Ab0",
      "chainId": 250,
      "decimals": 9,
      "logoURI": "https://assets.spooky.fi/tokens/HEC.png",
      "bridgeId": "",
      "permit": 1
    },
    {
      "name": "Spartacus",
      "symbol": "SPA",
      "address": "0x5602df4A94eB6C680190ACCFA2A475621E0ddBdc",
      "chainId": 250,
      "decimals": 9,
      "logoURI": "https://assets.spooky.fi/tokens/SPA.png",
      "bridgeId": "",
      "permit": 1
    },
    {
      "name": "JoeToken",
      "symbol": "JOE",
      "address": "0x9F47F313ACFd4bdC52F4373b493EaE7d5aC5b765",
      "chainId": 250,
      "decimals": 18,
      "logoURI": "https://assets.spooky.fi/tokens/JOE.png",
      "bridgeId": "",
      "v3Chains": [
        43114
      ],
      "permit": 1
    },
    {
      "name": "Fantohm",
      "symbol": "FHM",
      "address": "0xfa1FBb8Ef55A4855E5688C0eE13aC3f202486286",
      "chainId": 250,
      "decimals": 9,
      "logoURI": "https://assets.spooky.fi/tokens/FHM.png",
      "bridgeId": "",
      "permit": 1
    },
    {
      "name": "TrueUSD",
      "symbol": "TUSD",
      "address": "0x9879aBDea01a879644185341F7aF7d8343556B7a",
      "chainId": 250,
      "decimals": 18,
      "logoURI": "https://assets.spooky.fi/tokens/TUSD.png",
      "bridgeId": "tusdv5",
      "nativeChain": 1,
      "permit": 1
    },
    {
      "name": "moda",
      "symbol": "MODA",
      "address": "0x6496994241804D7fE2b032901931e03bCD82301F",
      "chainId": 250,
      "decimals": 18,
      "logoURI": "https://assets.spooky.fi/tokens/MODA.png",
      "bridgeId": "modav5",
      "nativeChain": 1,
      "permit": 1
    },
    {
      "name": "Wrapped sSPA",
      "symbol": "wsSPA",
      "address": "0x89346B51A54263cF2e92dA79B1863759eFa68692",
      "chainId": 250,
      "decimals": 18,
      "logoURI": "https://assets.spooky.fi/tokens/wsSPA.png",
      "bridgeId": "",
      "permit": 0
    },
    {
      "name": "Charm Token",
      "symbol": "CHARM",
      "address": "0x248CB87DDA803028dfeaD98101C9465A2fbdA0d4",
      "chainId": 250,
      "decimals": 18,
      "logoURI": "https://assets.spooky.fi/tokens/CHARM.png",
      "bridgeId": "",
      "permit": 2
    },
    {
      "name": "Wrapped sHEC",
      "symbol": "wsHEC",
      "address": "0x94CcF60f700146BeA8eF7832820800E2dFa92EdA",
      "chainId": 250,
      "decimals": 18,
      "logoURI": "https://assets.spooky.fi/tokens/wsHEC.png",
      "bridgeId": "",
      "permit": 0
    },
    {
      "name": "Supernova Token",
      "symbol": "SNT",
      "address": "0x69D17C151EF62421ec338a0c92ca1c1202A427EC",
      "chainId": 250,
      "decimals": 18,
      "logoURI": "https://assets.spooky.fi/tokens/SNT.png",
      "bridgeId": "",
      "permit": 0
    },
    {
      "name": "Monster",
      "symbol": "MST",
      "address": "0x152888854378201e173490956085c711f1DeD565",
      "chainId": 250,
      "decimals": 18,
      "logoURI": "https://assets.spooky.fi/tokens/MST.png",
      "bridgeId": "",
      "permit": 0
    },
    {
      "name": "Ducat",
      "symbol": "DUCAT",
      "address": "0xc3118248e7A3b2c103D87392Fca5EB6ED8DaA754",
      "chainId": 250,
      "decimals": 18,
      "logoURI": "https://assets.spooky.fi/tokens/DUCAT.png",
      "bridgeId": "",
      "permit": 0
    },
    {
      "name": "OpenOcean",
      "symbol": "OOE",
      "address": "0x9d8F97A3C2f9f397B6D46Cbe2d39CC1D8Cf19010",
      "chainId": 250,
      "decimals": 18,
      "logoURI": "https://assets.spooky.fi/tokens/OOE.png",
      "bridgeId": "ooev5",
      "nativeChain": 1,
      "permit": 1
    },
    {
      "name": "DexBrowser",
      "symbol": "BRO",
      "address": "0x230576a0455d7Ae33c6dEfE64182C0BB68bAFAF3",
      "chainId": 250,
      "decimals": 18,
      "logoURI": "https://assets.spooky.fi/tokens/BRO.png",
      "bridgeId": "",
      "permit": 0
    },
    {
      "name": "PaintSwap Token",
      "symbol": "BRUSH",
      "address": "0x85dec8c4B2680793661bCA91a8F129607571863d",
      "chainId": 250,
      "decimals": 18,
      "logoURI": "https://assets.spooky.fi/tokens/BRUSH.png",
      "bridgeId": "",
      "permit": 0
    },
    {
      "name": "WingSwap",
      "symbol": "WIS",
      "address": "0xF24be6c063Bee7c7844dD90a21fdf7d783d41a94",
      "chainId": 250,
      "decimals": 18,
      "logoURI": "https://assets.spooky.fi/tokens/WIS.png",
      "bridgeId": "",
      "permit": 0
    },
    {
      "name": "Avalanche",
      "symbol": "AVAX",
      "address": "0x511D35c52a3C244E7b8bd92c0C297755FbD89212",
      "chainId": 250,
      "decimals": 18,
      "logoURI": "https://assets.spooky.fi/tokens/AVAX.png",
      "bridgeId": "",
      "v3Chains": [
        43114
      ],
      "permit": 1
    },
    {
      "name": "Multichain",
      "symbol": "MULTI",
      "address": "0x9Fb9a33956351cf4fa040f65A13b835A3C8764E3",
      "chainId": 250,
      "decimals": 18,
      "logoURI": "https://assets.spooky.fi/tokens/MULTI.png",
      "bridgeId": "",
      "permit": 1
    },
    {
      "name": "Polygon",
      "symbol": "MATIC",
      "address": "0x40DF1Ae6074C35047BFF66675488Aa2f9f6384F3",
      "chainId": 250,
      "decimals": 18,
      "logoURI": "https://assets.spooky.fi/tokens/MATIC.png",
      "bridgeId": "maticv5",
      "nativeChain": 137,
      "permit": 1
    },
    {
      "name": "Scary Chain Capital",
      "symbol": "SCC",
      "address": "0xa231D452e4bCA86672FD6109de94688d1E17Aae5",
      "chainId": 250,
      "decimals": 9,
      "logoURI": "https://assets.spooky.fi/tokens/SCC.png",
      "bridgeId": "",
      "permit": 0
    },
    {
      "name": "Hundred Finance",
      "symbol": "HND",
      "address": "0x10010078a54396F62c96dF8532dc2B4847d47ED3",
      "chainId": 250,
      "decimals": 18,
      "logoURI": "https://assets.spooky.fi/tokens/HND.png",
      "bridgeId": "",
      "v3Chains": [
        1,
        42161,
        1666600000
      ],
      "permit": 1
    },
    {
      "name": "Creditum",
      "symbol": "CREDIT",
      "address": "0x77128DFdD0ac859B33F44050c6fa272F34872B5E",
      "chainId": 250,
      "decimals": 18,
      "logoURI": "https://assets.spooky.fi/tokens/CREDIT.png",
      "bridgeId": "",
      "permit": 1
    },
    {
      "name": "Creditum USD",
      "symbol": "cUSD",
      "address": "0xE3a486C1903Ea794eED5d5Fa0C9473c7D7708f40",
      "chainId": 250,
      "decimals": 18,
      "logoURI": "https://assets.spooky.fi/tokens/cUSD.png",
      "bridgeId": "",
      "permit": 0
    },
    {
      "name": "LIQR",
      "symbol": "LIQR",
      "address": "0x33333ee26a7d02e41c33828B42Fb1E0889143477",
      "chainId": 250,
      "decimals": 18,
      "logoURI": "https://assets.spooky.fi/tokens/LIQR.png",
      "bridgeId": "",
      "permit": 0
    },
    {
      "name": "SUPA Foundation",
      "symbol": "SUPA",
      "address": "0x59D07a115fe3FFe5db3D52029D43Cc0ef5e9ba08",
      "chainId": 250,
      "decimals": 18,
      "logoURI": "https://assets.spooky.fi/tokens/SUPA.png",
      "bridgeId": "",
      "permit": 0
    },
    {
      "name": "Thorstarter Token",
      "symbol": "XRUNE",
      "address": "0xe1e6B01aE86Ad82B1F1B4EB413B219aC32E17Bf6",
      "chainId": 250,
      "decimals": 18,
      "logoURI": "https://assets.spooky.fi/tokens/XRUNE.png",
      "bridgeId": "",
      "permit": 0
    },
    {
      "name": "Modefi",
      "symbol": "MOD",
      "address": "0xe64B9fd040D1F9D4715C645e0D567EF69958D3D9",
      "chainId": 250,
      "decimals": 18,
      "logoURI": "https://assets.spooky.fi/tokens/MOD.png",
      "bridgeId": "",
      "permit": 1
    },
    {
      "name": "Statera",
      "symbol": "STA",
      "address": "0x89D5e71E275B4bE094Df9551627BCF4E3b24cE22",
      "chainId": 250,
      "decimals": 18,
      "logoURI": "https://assets.spooky.fi/tokens/STA.png",
      "bridgeId": "",
      "permit": 1
    },
    {
      "name": "FTMLaunch",
      "symbol": "FTML",
      "address": "0x9613288dCF37c14324AB64EB53b2e7Be7292d724",
      "chainId": 250,
      "decimals": 18,
      "logoURI": "https://assets.spooky.fi/tokens/FTML.png",
      "bridgeId": "",
      "permit": 0
    },
    {
      "name": "2omb Token",
      "symbol": "2OMB",
      "address": "0x7a6e4E3CC2ac9924605DCa4bA31d1831c84b44aE",
      "chainId": 250,
      "decimals": 18,
      "logoURI": "https://assets.spooky.fi/tokens/2OMB.png",
      "bridgeId": "",
      "permit": 0
    },
    {
      "name": "Atlas Cloud",
      "symbol": "ATLAS",
      "address": "0x92df3eaBf7c1c2A6b3D5793f6d53778eA78c48b2",
      "chainId": 250,
      "decimals": 18,
      "logoURI": "https://assets.spooky.fi/tokens/Atlas.png",
      "bridgeId": "",
      "permit": 0
    },
    {
      "name": "2SHARE Token",
      "symbol": "2SHARES",
      "address": "0xc54A1684fD1bef1f077a336E6be4Bd9a3096a6Ca",
      "chainId": 250,
      "decimals": 18,
      "logoURI": "https://assets.spooky.fi/tokens/2SHARES.png",
      "bridgeId": "",
      "permit": 0
    },
    {
      "name": "Power",
      "symbol": "POWER",
      "address": "0x131c7afb4E5f5c94A27611f7210dfEc2215E85Ae",
      "chainId": 250,
      "decimals": 18,
      "logoURI": "https://assets.spooky.fi/tokens/POWER.png",
      "bridgeId": "",
      "permit": 0
    },
    {
      "name": "DefiLaunch Token",
      "symbol": "fDLAUNCH",
      "address": "0xEF393310B708761E3B6B59813EF41FE45D853CeC",
      "chainId": 250,
      "decimals": 18,
      "logoURI": "https://assets.spooky.fi/tokens/fDLAUNCH.png",
      "bridgeId": "",
      "permit": 0
    },
    {
      "name": "agEUR",
      "symbol": "agEUR",
      "address": "0x02a2b736F9150d36C0919F3aCEE8BA2A92FBBb40",
      "chainId": 250,
      "decimals": 18,
      "logoURI": "https://assets.spooky.fi/tokens/agEUR.png",
      "bridgeId": "ageurv5",
      "nativeChain": 1,
      "permit": 1
    },
    {
      "name": "Poseidon",
      "symbol": "POS",
      "address": "0x4ae3Fa715E21f328c2B61c037B9CC1761B6aF0bD",
      "chainId": 250,
      "decimals": 18,
      "logoURI": "https://assets.spooky.fi/tokens/POS.png",
      "bridgeId": "",
      "permit": 0
    },
    {
      "name": "BeethovenxToken",
      "symbol": "BEETS",
      "address": "0xF24Bcf4d1e507740041C9cFd2DddB29585aDCe1e",
      "chainId": 250,
      "decimals": 18,
      "logoURI": "https://assets.spooky.fi/tokens/BEETS.png",
      "bridgeId": "",
      "permit": 0
    },
    {
      "name": "0xDAO",
      "symbol": "OXD",
      "address": "0xc165d941481e68696f43EE6E99BFB2B23E0E3114",
      "chainId": 250,
      "decimals": 18,
      "logoURI": "https://assets.spooky.fi/tokens/OXD.png",
      "bridgeId": "",
      "permit": 0
    },
    {
      "name": "IronBank",
      "symbol": "IB",
      "address": "0x00a35FD824c717879BF370E70AC6868b95870Dfb",
      "chainId": 250,
      "decimals": 18,
      "logoURI": "https://assets.spooky.fi/tokens/IB.png",
      "bridgeId": "",
      "permit": 1
    },
    {
      "name": "War Bond Token",
      "symbol": "WBOND",
      "address": "0x59c6606ED2AF925F270733e378D6aF7829B5b3cf",
      "chainId": 250,
      "decimals": 18,
      "logoURI": "https://assets.spooky.fi/tokens/WBOND.png",
      "bridgeId": "",
      "permit": 0
    },
    {
      "name": "Kanpeki",
      "symbol": "KAE",
      "address": "0x65Def5029A0e7591e46B38742bFEdd1Fb7b24436",
      "chainId": 250,
      "decimals": 18,
      "logoURI": "https://assets.spooky.fi/tokens/KAE.png",
      "bridgeId": "",
      "v3Chains": [
        1
      ],
      "permit": 0
    },
    {
      "name": "5table Token",
      "symbol": "5TABLE",
      "address": "0x14d6111dbfD64CEb9676a494BF86AA9f7DD54acC",
      "chainId": 250,
      "decimals": 18,
      "logoURI": "https://assets.spooky.fi/tokens/5TABLE.png",
      "bridgeId": "",
      "permit": 0
    },
    {
      "name": "OneRing",
      "symbol": "RING",
      "address": "0x582423C10c9e83387a96d00A69bA3D11ee47B7b5",
      "chainId": 250,
      "decimals": 18,
      "logoURI": "https://assets.spooky.fi/tokens/RING.png",
      "bridgeId": "",
      "permit": 0
    },
    {
      "name": "3OMB Token",
      "symbol": "3OMB",
      "address": "0x14DEf7584A6c52f470Ca4F4b9671056b22f4FfDE",
      "chainId": 250,
      "decimals": 18,
      "logoURI": "https://assets.spooky.fi/tokens/3OMB.png",
      "bridgeId": "",
      "permit": 0
    },
    {
      "name": "3SHARE Token",
      "symbol": "3SHARES",
      "address": "0x6437ADAC543583C4b31Bf0323A0870430F5CC2e7",
      "chainId": 250,
      "decimals": 18,
      "logoURI": "https://assets.spooky.fi/tokens/3HARES.png",
      "bridgeId": "",
      "permit": 0
    },
    {
      "name": "Lucidao",
      "symbol": "LCD",
      "address": "0xc2A45FE7d40bCAc8369371B08419DDAFd3131b4a",
      "chainId": 250,
      "decimals": 18,
      "logoURI": "https://assets.spooky.fi/tokens/LCD.png",
      "bridgeId": "",
      "permit": 1
    },
    {
      "name": "DEAPCOIN",
      "symbol": "DEP",
      "address": "0x8dFDC61c7c7551D0DEec950A2822eB59cddb8f59",
      "chainId": 250,
      "decimals": 18,
      "logoURI": "https://assets.spooky.fi/tokens/DEP.png",
      "bridgeId": "depv5",
      "nativeChain": 1,
      "permit": 1
    },
    {
      "name": "Ripae",
      "symbol": "PAE",
      "address": "0x8a41f13a4FaE75ca88B1ee726ee9D52B148b0498",
      "chainId": 250,
      "decimals": 18,
      "logoURI": "https://assets.spooky.fi/tokens/PAE.png",
      "bridgeId": "",
      "permit": 0
    },
    {
      "name": "pFTM",
      "symbol": "pFTM",
      "address": "0x112dF7E3b4B7Ab424F07319D4E92F41e6608c48B",
      "chainId": 250,
      "decimals": 18,
      "logoURI": "https://assets.spooky.fi/tokens/pFTM.png",
      "bridgeId": "",
      "permit": 0
    },
    {
      "name": "NOKU v2",
      "symbol": "NOKU",
      "address": "0xfB4D42BEd5618fb1a377DDB64EB56B92a6d117f2",
      "chainId": 250,
      "decimals": 18,
      "logoURI": "https://assets.spooky.fi/tokens/NOKU.png",
      "bridgeId": "",
      "permit": 0
    },
    {
      "name": "MagicCraft",
      "symbol": "MCRT",
      "address": "0xE705aF5f63fcaBDCDF5016aA838EAaac35D12890",
      "chainId": 250,
      "decimals": 9,
      "logoURI": "https://assets.spooky.fi/tokens/MCRT.png",
      "bridgeId": "",
      "permit": 1
    },
    {
      "name": "TOR",
      "symbol": "TOR",
      "address": "0x74E23dF9110Aa9eA0b6ff2fAEE01e740CA1c642e",
      "chainId": 250,
      "decimals": 18,
      "logoURI": "https://assets.spooky.fi/tokens/TOR.png",
      "bridgeId": "",
      "permit": 1
    },
    {
      "name": "Growth-Peg Token",
      "symbol": "GRO",
      "address": "0x91F1430833879272643658f8eD07d60257dDf321",
      "chainId": 250,
      "decimals": 18,
      "logoURI": "https://assets.spooky.fi/tokens/GRO.png",
      "bridgeId": "",
      "permit": 0
    },
    {
      "name": "AlpacaToken",
      "symbol": "ALPACA",
      "address": "0xaD996A45fd2373ed0B10Efa4A8eCB9de445A4302",
      "chainId": 250,
      "decimals": 18,
      "logoURI": "https://assets.spooky.fi/tokens/ALPACA.png",
      "bridgeId": "",
      "v3Chains": [
        56
      ],
      "permit": 1
    },
    {
      "name": "BASED",
      "symbol": "BASED",
      "address": "0x8D7d3409881b51466B483B11Ea1B8A03cdEd89ae",
      "chainId": 250,
      "decimals": 18,
      "logoURI": "https://assets.spooky.fi/tokens/BASED.png",
      "bridgeId": "",
      "permit": 0
    },
    {
      "name": "BSHARE",
      "symbol": "BSHARE",
      "address": "0x49C290Ff692149A4E16611c694fdED42C954ab7a",
      "chainId": 250,
      "decimals": 18,
      "logoURI": "https://assets.spooky.fi/tokens/BSHARE.png",
      "bridgeId": "",
      "permit": 0
    },
    {
      "name": "Raini",
      "symbol": "RAINI",
      "address": "0xe83dFaaAfd3310474D917583Ae9633B4f68fB036",
      "chainId": 250,
      "decimals": 18,
      "logoURI": "https://assets.spooky.fi/tokens/RAINI.png",
      "bridgeId": "",
      "permit": 0
    },
    {
      "name": "Solid",
      "symbol": "SOLID",
      "address": "0x888EF71766ca594DED1F0FA3AE64eD2941740A20",
      "chainId": 250,
      "decimals": 18,
      "logoURI": "https://assets.spooky.fi/tokens/SOLID.png",
      "bridgeId": "",
      "permit": 0
    },
    {
      "name": "DEVIL Token",
      "symbol": "DEVIL",
      "address": "0x174c7106AEeCdC11389f7dD21342F05f46CCB40F",
      "chainId": 250,
      "decimals": 18,
      "logoURI": "https://assets.spooky.fi/tokens/DEVIL.png",
      "bridgeId": "",
      "permit": 0
    },
    {
      "name": "Vive la Bouje",
      "symbol": "VIVE",
      "address": "0xE509Db88B3c26D45f1fFf45b48E7c36A8399B45A",
      "chainId": 250,
      "decimals": 18,
      "logoURI": "https://assets.spooky.fi/tokens/VIVE.png",
      "bridgeId": "",
      "permit": 0
    },
    {
      "name": "Our",
      "symbol": "Our",
      "address": "0xa68eEEe3EB02B4195537DC3326436c83505fB5cf",
      "chainId": 250,
      "decimals": 18,
      "logoURI": "https://assets.spooky.fi/tokens/OUR.png",
      "bridgeId": "",
      "permit": 0
    },
    {
      "name": "Trusted Node",
      "symbol": "TNODE",
      "address": "0x7FC5670B2041d34414B0b2178Fc660b1E1faF801",
      "chainId": 250,
      "decimals": 18,
      "logoURI": "https://assets.spooky.fi/tokens/TNODE.png",
      "bridgeId": "",
      "permit": 1
    },
    {
      "name": "PAR Stablecoin",
      "symbol": "PAR",
      "address": "0x13082681E8CE9bd0aF505912d306403592490Fc7",
      "chainId": 250,
      "decimals": 18,
      "logoURI": "https://assets.spooky.fi/tokens/PAR.png",
      "bridgeId": "",
      "permit": 0
    },
    {
      "name": "Oath Token",
      "symbol": "OATH",
      "address": "0x21Ada0D2aC28C3A5Fa3cD2eE30882dA8812279B6",
      "chainId": 250,
      "decimals": 18,
      "logoURI": "https://assets.spooky.fi/tokens/OATH.png",
      "bridgeId": "",
      "permit": 1
    },
    {
      "name": "Wrapped Banano",
      "symbol": "wBAN",
      "address": "0xe20B9e246db5a0d21BF9209E4858Bc9A3ff7A034",
      "chainId": 250,
      "decimals": 18,
      "logoURI": "https://assets.spooky.fi/tokens/wBAN.png",
      "bridgeId": "",
      "permit": 1
    },
    {
      "name": "FAME",
      "symbol": "FAME",
      "address": "0x904f51a2E7eEaf76aaF0418cbAF0B71149686f4A",
      "chainId": 250,
      "decimals": 18,
      "logoURI": "https://assets.spooky.fi/tokens/FAME.png",
      "bridgeId": "",
      "permit": 0
    },
    {
      "name": "Onino",
      "symbol": "ONI",
      "address": "0x667c856f1A624BAeFE89fC4909C8701296C86c98",
      "chainId": 250,
      "decimals": 18,
      "logoURI": "https://assets.spooky.fi/tokens/ONI.png",
      "bridgeId": "",
      "permit": 1
    },
    {
      "name": "StargateToken",
      "symbol": "STG",
      "address": "0x2F6F07CDcf3588944Bf4C42aC74ff24bF56e7590",
      "chainId": 250,
      "decimals": 18,
      "logoURI": "https://assets.spooky.fi/tokens/STG.png",
      "bridgeId": "",
      "permit": 0
    },
    {
      "name": "QUANTUM",
      "symbol": "QTM",
      "address": "0x11223344D5B43ec0930af1236f4CF67BF7D81217",
      "chainId": 250,
      "decimals": 18,
      "logoURI": "https://assets.spooky.fi/tokens/QTM.png",
      "bridgeId": "",
      "permit": 0
    },
    {
      "name": "Penguin Karts",
      "symbol": "PGK",
      "address": "0x188a168280589bC3E483d77aae6b4A1d26bD22dC",
      "chainId": 250,
      "decimals": 18,
      "logoURI": "https://assets.spooky.fi/tokens/PGK.png",
      "bridgeId": "",
      "permit": 0
    },
    {
      "name": "ApeCoin",
      "symbol": "APE",
      "address": "0x2d72A97a31Dc920dB03330780d30074626e39C8A",
      "chainId": 250,
      "decimals": 18,
      "logoURI": "https://assets.spooky.fi/tokens/APE.png",
      "bridgeId": "",
      "v3Chains": [
        1,
        25,
        137,
        56,
        43114
      ],
      "permit": 1
    },
    {
      "name": "Metavault",
      "symbol": "MVD",
      "address": "0x27746007e821aeec6F9C65CBFda04870c236346c",
      "chainId": 250,
      "decimals": 9,
      "logoURI": "https://assets.spooky.fi/tokens/MVD.png",
      "bridgeId": "",
      "permit": 1
    },
    {
      "name": "Code7 Finance",
      "symbol": "CODE7",
      "address": "0xF77864FCFfeC4598813E3378681c9330B771cA88",
      "chainId": 250,
      "decimals": 18,
      "logoURI": "https://assets.spooky.fi/tokens/CODE7.png",
      "bridgeId": "",
      "permit": 0
    },
    {
      "name": "PanicSwap",
      "symbol": "PANIC",
      "address": "0xA882CeAC81B22FC2bEF8E1A82e823e3E9603310B",
      "chainId": 250,
      "decimals": 18,
      "logoURI": "https://assets.spooky.fi/tokens/PANIC.png",
      "bridgeId": "",
      "permit": 0
    },
    {
      "name": "Elyseos",
      "symbol": "ELYS",
      "address": "0xd89cc0d2A28a769eADeF50fFf74EBC07405DB9Fc",
      "chainId": 250,
      "decimals": 5,
      "logoURI": "https://assets.spooky.fi/tokens/ELYS.png",
      "bridgeId": "",
      "permit": 0
    },
    {
      "name": "Orbs",
      "symbol": "ORBS",
      "address": "0x3E01B7E242D5AF8064cB9A8F9468aC0f8683617c",
      "chainId": 250,
      "decimals": 18,
      "logoURI": "https://assets.spooky.fi/tokens/ORBS.png",
      "bridgeId": "",
      "permit": 1
    },
    {
      "name": "Tank Gold Token",
      "symbol": "TGOLD",
      "address": "0xA74bb2C6e5fE2805a0086D05e37c256274935690",
      "chainId": 250,
      "decimals": 18,
      "logoURI": "https://assets.spooky.fi/tokens/TGOLD.png",
      "bridgeId": "",
      "permit": 0
    },
    {
      "name": "Beefy Escrowed Fantom",
      "symbol": "beFTM",
      "address": "0x7381eD41F6dE418DdE5e84B55590422a57917886",
      "chainId": 250,
      "decimals": 18,
      "logoURI": "https://assets.spooky.fi/tokens/beFTM.png",
      "bridgeId": "",
      "permit": 0
    },
    {
      "name": "MiniVerse Dollar",
      "symbol": "MvDOLLAR",
      "address": "0x57976c467608983513c9355238dc6de1B1aBbcCA",
      "chainId": 250,
      "decimals": 18,
      "logoURI": "https://assets.spooky.fi/tokens/MvDOLLAR.png",
      "bridgeId": "",
      "permit": 0
    },
    {
      "name": "MiniVerse Share",
      "symbol": "MSHARE",
      "address": "0xb011EC534d9175cD7a69aFBfc1bcc9990862c462",
      "chainId": 250,
      "decimals": 18,
      "logoURI": "https://assets.spooky.fi/tokens/MSHARE.png",
      "bridgeId": "",
      "permit": 0
    },
    {
      "name": "Volta",
      "symbol": "VOLTa",
      "address": "0x4C9993C7107495020c2Ce9A13d11839F48EcD2E6",
      "chainId": 250,
      "decimals": 9,
      "logoURI": "https://assets.spooky.fi/tokens/VOLTa.png",
      "bridgeId": "",
      "permit": 1
    },
    {
      "name": "Wrapped TurtleCoins",
      "symbol": "wTRTL",
      "address": "0x6a31Aca4d2f7398F04d9B6ffae2D898d9A8e7938",
      "chainId": 250,
      "decimals": 18,
      "logoURI": "https://assets.spooky.fi/tokens/wTRTL.png",
      "bridgeId": "",
      "permit": 1001
    },
    {
      "name": "Raid Token",
      "symbol": "R4ID",
      "address": "0x70f52878ca86c5f03d603CDDA414295EE410E8f3",
      "chainId": 250,
      "decimals": 18,
      "logoURI": "https://assets.spooky.fi/tokens/R4ID.png",
      "bridgeId": "",
      "permit": 0
    },
    {
      "name": "LUNA",
      "symbol": "LUNA(Wormhole)",
      "address": "0x593AE1d34c8BD7587C11D539E4F42BFf242c82Af",
      "chainId": 250,
      "decimals": 6,
      "logoURI": "https://assets.spooky.fi/tokens/LUNAWORMHOLE.png",
      "bridgeId": "",
      "permit": 0
    },
    {
      "name": "UST",
      "symbol": "UST(Wormhole)",
      "address": "0x846e4D51d7E2043C1a87E0Ab7490B93FB940357b",
      "chainId": 250,
      "decimals": 6,
      "logoURI": "https://assets.spooky.fi/tokens/USTWORMHOLE.png",
      "bridgeId": "",
      "permit": 0
    },
    {
      "name": "DEUS",
      "symbol": "DEUS",
      "address": "0xDE5ed76E7c05eC5e4572CfC88d1ACEA165109E44",
      "chainId": 250,
      "decimals": 18,
      "logoURI": "https://assets.spooky.fi/tokens/DEUS.png",
      "bridgeId": "",
      "permit": 1000
    },
    {
      "name": "DEI",
      "symbol": "LegacyDEI",
      "address": "0xDE12c7959E1a72bbe8a5f7A1dc8f8EeF9Ab011B3",
      "chainId": 250,
      "decimals": 18,
      "logoURI": "https://assets.spooky.fi/tokens/DEI.png",
      "bridgeId": "",
      "permit": 1000
    },
    {
      "name": "Fantom Libero Financial Freedom",
      "symbol": "FLIBERO",
      "address": "0xC3f069D7439baf6D4D6E9478D9Cc77778E62D147",
      "chainId": 250,
      "decimals": 18,
      "logoURI": "https://assets.spooky.fi/tokens/FLIBERO.png",
      "bridgeId": "",
      "permit": 0
    },
    {
      "name": "Stader",
      "symbol": "SD(Wormhole)",
      "address": "0x412a13C109aC30f0dB80AD3Bd1DeFd5D0A6c0Ac6",
      "chainId": 250,
      "decimals": 18,
      "logoURI": "https://assets.spooky.fi/tokens/SDWORMHOLE.png",
      "bridgeId": "",
      "permit": 0
    },
    {
      "name": "sFTMX",
      "symbol": "sFTMX",
      "address": "0xd7028092c830b5C8FcE061Af2E593413EbbC1fc1",
      "chainId": 250,
      "decimals": 18,
      "logoURI": "https://assets.spooky.fi/tokens/sFTMX.png",
      "bridgeId": "",
      "permit": 0
    },
    {
      "name": "Nodeify",
      "symbol": "NDFI",
      "address": "0x7Dcd01E3a119C8592A5aEd681cDC9eD163090362",
      "chainId": 250,
      "decimals": 18,
      "logoURI": "https://assets.spooky.fi/tokens/NDFI.png",
      "bridgeId": "",
      "permit": 0
    },
    {
      "name": "governanceALCX",
      "symbol": "gALCX",
      "address": "0x70F9fd19f857411b089977E7916c05A0fc477Ac9",
      "chainId": 250,
      "decimals": 18,
      "logoURI": "https://assets.spooky.fi/tokens/gALCX.png",
      "bridgeId": "",
      "permit": 1
    },
    {
      "name": "Dark Opera",
      "symbol": "DARKO",
      "address": "0x274B7EB297615Ce21A1cD5B920f867389A367a8A",
      "chainId": 250,
      "decimals": 18,
      "logoURI": "https://assets.spooky.fi/tokens/DARKO.png",
      "bridgeId": "",
      "permit": 0
    },
    {
      "name": "Dark SpookyToken",
      "symbol": "DBOO",
      "address": "0x81ea8770A6c85Fd57441FECD735e80156BAe2C09",
      "chainId": 250,
      "decimals": 18,
      "logoURI": "https://assets.spooky.fi/tokens/DBOO.png",
      "bridgeId": "",
      "permit": 0
    },
    {
      "name": "Dark Ukrainian Hryvnia",
      "symbol": "DUAH",
      "address": "0x593Decf7D214FA902321639e785e88aa4E9150AC",
      "chainId": 250,
      "decimals": 18,
      "logoURI": "https://assets.spooky.fi/tokens/DUAH.png",
      "bridgeId": "",
      "permit": 0
    },
    {
      "name": "Dark Opera Share",
      "symbol": "FRANK",
      "address": "0x5Cf2a4184707D5177D9A838acfe3999EE79d3f49",
      "chainId": 250,
      "decimals": 18,
      "logoURI": "https://assets.spooky.fi/tokens/FRANK.png",
      "bridgeId": "",
      "permit": 0
    },
    {
      "name": "Dark Fantom",
      "symbol": "DARK",
      "address": "0x28d81863438F25b6EC4c9DA28348445FC5E44196",
      "chainId": 250,
      "decimals": 18,
      "logoURI": "https://assets.spooky.fi/tokens/DARK.png",
      "bridgeId": "",
      "permit": 0
    },
    {
      "name": "Staked TAROT",
      "symbol": "xTAROT",
      "address": "0x74D1D2A851e339B8cB953716445Be7E8aBdf92F4",
      "chainId": 250,
      "decimals": 18,
      "logoURI": "https://assets.spooky.fi/tokens/xTAROT.png",
      "bridgeId": "",
      "permit": 0
    },
    {
      "name": "Midas",
      "symbol": "MIDAS",
      "address": "0xb37528DA6b4D378305d000a66Ad91bd88E626761",
      "chainId": 250,
      "decimals": 18,
      "logoURI": "https://assets.spooky.fi/tokens/MIDAS.png",
      "bridgeId": "",
      "permit": 0
    },
    {
      "name": "Random",
      "symbol": "RNDM",
      "address": "0x87d57F92852D7357Cf32Ac4F6952204f2B0c1A27",
      "chainId": 250,
      "decimals": 18,
      "logoURI": "https://assets.spooky.fi/tokens/RNDM.png",
      "bridgeId": "",
      "permit": 0
    },
    {
      "name": "Single Token",
      "symbol": "SINGLE",
      "address": "0x8cc97B50Fe87f31770bcdCd6bc8603bC1558380B",
      "chainId": 250,
      "decimals": 18,
      "logoURI": "https://assets.spooky.fi/tokens/SINGLE.png",
      "bridgeId": "",
      "permit": 1
    },
    {
      "name": "O3 Swap Token",
      "symbol": "O3",
      "address": "0xEe9801669C6138E84bD50dEB500827b776777d28",
      "chainId": 250,
      "decimals": 18,
      "logoURI": "https://assets.spooky.fi/tokens/O3.png",
      "bridgeId": "",
      "permit": 0
    },
    {
      "name": "DEI",
      "symbol": "DEI",
      "address": "0xDE1E704dae0B4051e80DAbB26ab6ad6c12262DA0",
      "chainId": 250,
      "decimals": 18,
      "logoURI": "https://assets.spooky.fi/tokens/DEI.png",
      "bridgeId": "",
      "permit": 0
    }
  ]
}